"id","publisher","title","URL","accessed_at","geography","source_type","supports","limitation"
"CODE001","Zavoia admin-api","Plan tier and feature source of truth","../admin-api/src/types/plan.ts","2026-07-13","Zavoia","local_code","STANDARD PLUS CUSTOM self-serve ordering and websiteBuilder feature flag","Working-tree code proves repository behavior only; deployment and production plan records are not inferred"
"CODE002","Zavoia admin-api","Plan entity and regional pricing","../admin-api/src/entities/plan.entity.ts","2026-07-13","Zavoia","local_code","Base and non-owner seat Stripe price identifiers plus plan location and team limits","Stores identifiers and limits but no authoritative production monetary amount"
"CODE003","Zavoia admin-api","Regional plan-pricing entity","../admin-api/src/entities/plan-pricing.entity.ts","2026-07-13","Zavoia","local_code","Country and currency regional Stripe price overrides","Production row contents were unavailable"
"CODE004","Zavoia admin-api","Entitlement service","../admin-api/src/modules/entitlements/entitlements.service.ts","2026-07-13","Zavoia","local_code","LTD trial subscription priority; Standard-only trial feature behavior; owner excluded from billable seats","Code presence is not production-state evidence"
"CODE005","Zavoia admin-api","Billing service","../admin-api/src/modules/billing/billing.service.ts","2026-07-13","Zavoia","local_code","Base plus seat Stripe subscription; live amount lookup; proration/SCA upgrades; period-end downgrades; no automatic tax or attached tax rate in checkout","Production Stripe catalogue and negotiated fees were excluded"
"CODE006","Zavoia admin-api","Signup wizard trial assignment","../admin-api/src/modules/wizard/wizard.controller.ts","2026-07-13","Zavoia","local_code","14-day Standard trial assignment","Does not establish trial conversion or retention"
"CODE007","Zavoia admin-api","Appointment entity","../admin-api/src/entities/appointment.entity.ts","2026-07-13","Zavoia","local_code","SERVICE BUNDLE COMPOSITE appointment types; snapshots and dormant recurrence fields","Fields alone do not prove an operational recurring-series journey"
"CODE008","Zavoia admin-api","Marketplace public search service","../admin-api/src/modules/marketplace/public/marketplace-public.service.ts","2026-07-13","Zavoia","local_code","Fuzzy business and location search; Romanian taxonomy tags; structured geography service staff and availability filtering; relaxation ladder","Service-text search remains incomplete; unaccent deployment is not provisioned by the cited initial migration"
"CODE009","Zavoia admin-api","Initial database migration","../admin-api/src/migrations/1783170407985-Init.ts","2026-07-13","Zavoia","local_code","Creates postgis and pg_trgm extensions","Does not create unaccent although current search calls it"
"CODE010","Zavoia admin-api","Marketplace appointments service","../admin-api/src/modules/marketplace/appointments/appointments.service.ts","2026-07-13","Zavoia","local_code","Booking transaction; grouping; cancel/reschedule; process-local 10-minute idempotency map; conflict recheck","No durable cross-process idempotency or database overlap constraint was found"
"CODE011","Zavoia admin-api","Appointment run grouping","../admin-api/src/modules/appointment/run-grouping.ts","2026-07-13","Zavoia","local_code","Sequential multi-item grouping and composite runs for same staff","Does not implement multi-customer class capacity"
"CODE012","Zavoia admin-api","Marketplace booking DTO","../admin-api/src/modules/marketplace/appointments/dto/create-booking.dto.ts","2026-07-13","Zavoia","local_code","Service and bundle item booking with staff selection","No appointment payment or recurring-series input"
"CODE013","Zavoia website repositories","Published website consumer search","../zavoia-web/src/app/[locale]/business/[slug]/page.tsx","2026-07-13","Zavoia","local_code_search","Ordinary business listing is noindex and no customer repo consumes the WIP website published snapshot","Absence is limited to audited current repositories and working tree"
"CODE014","Zavoia admin-api","Website section registry","../admin-api/src/modules/website-builder/section-registry.ts","2026-07-13","Zavoia","local_code","12 section types and 37 variant keys with base required and pinned rules","Module was untracked in the API working tree at audit time"
"CODE015","Zavoia admin-dashboard","Website renderer catalogue","src/features/website/components/builder/sectionCatalog.ts","2026-07-13","Zavoia","local_code","Dashboard renderer implementations for 12 types and 37 variants","Dashboard renderers do not constitute a public merchant website"
"CODE016","Zavoia admin-api","Website builder publish service","../admin-api/src/modules/website-builder/website-builder.service.ts","2026-07-13","Zavoia","local_code","WIP draft version validation freeze publish and unpublish behavior","Uncommitted working-tree code; deployment is not inferred"
"CODE017","Zavoia admin-api","Marketplace listing website snapshot fields","../admin-api/src/entities/businessMarketplaceListing.entity.ts","2026-07-13","Zavoia","local_code","WIP draft and published website snapshot metadata","Entity modifications were uncommitted"
"CODE018","Zavoia admin-api","Permanent website variant purchase","../admin-api/src/entities/website-variant-purchase.entity.ts","2026-07-13","Zavoia","local_code","Business-scoped permanent completed-purchase ownership surviving plan downgrade","Public site delivery is absent; current checkout hardening is WIP"
"CODE019","Zavoia public web","Marketing dictionaries","../zavoia-web/src/i18n/dictionaries/en.ts","2026-07-13","Zavoia","local_code_marketing","Contains public scale payments payouts recurring verification cancellation and testimonial claims audited in the correction register","Copy is not operational or external evidence"
"CODE020","Zavoia public web","Stale marketing pricing data","../zavoia-web/src/lib/marketing/pricing.ts","2026-07-13","Zavoia","local_code_marketing","100 RON and EUR 20 per-member presentation values","Explicitly excluded from price recommendation and not authoritative"
"CODE021","Zavoia admin-api","Dashboard potential revenue","../admin-api/src/modules/dashboard/dashboard.service.ts","2026-07-13","Zavoia","local_code","Sums scheduled snapshot list price for non-cancelled appointments","Not collected payment revenue"
"CODE022","Zavoia admin-api","SMS sending service","../admin-api/src/modules/sms/sms.service.ts","2026-07-13","Zavoia","local_code","Twilio send followed by one internal credit deduction per API call","No segment accounting; send-before-deduction race and unchecked affected-row result create exposure"
"CODE023","Zavoia repositories","Cross-repository absence-search manifest","ZAVOIA_PRODUCT_MARKET_PRICING_AUDIT_2026-07-13.md","2026-07-13","Zavoia","local_audit_manifest","Exact query families roots interpretation rule and scope for appointment money and payouts; calendar sync and WhatsApp; gift cards loyalty referrals chat POS payroll and inventory; recurring appointment series; published-snapshot consumers; domains DNS SSL; merchant-site SEO analytics; and service-text search","Absence conclusion is scoped to the audited snapshot and cannot prove private systems outside the repositories"
"CODE024","Zavoia admin-api","Oblio VAT logic","../admin-api/src/modules/oblio/vat.util.ts","2026-07-13","Zavoia","local_code","Hard-coded 19 percent Romanian and EU-B2C standard rate","Stale against current 21 percent statutory standard"
"CODE025","Zavoia admin-api","Oblio invoice service","../admin-api/src/modules/oblio/oblio.service.ts","2026-07-13","Zavoia","local_code","Issuer VAT flag false and Stripe line items represented as net with VAT excluded","Changing a constant alone can create payment and invoice mismatch"
"CODE026","Zavoia admin-api","Business customer model and service","../admin-api/src/modules/businessCustomers/business-customer.service.ts","2026-07-13","Zavoia","local_code","Search history notes custom fields source and merge behavior","No customer-list CSV import/export was found"
"CODE027","Zavoia admin-dashboard","Customer list page","src/features/customers/pages/customers.tsx","2026-07-13","Zavoia","local_code","Requests offset zero limit 20 and supports search","No visible paging or load-more means non-search browsing effectively stops at first 20"
"CODE028","Zavoia admin-dashboard","Customer history PDF builder","src/features/customers/buildCustomerHistoryPdf.ts","2026-07-13","Zavoia","local_code","Customer history PDF export","A PDF history is not a portable customer-list export"
"CODE029","Zavoia marketplace app","Appointment view model gap declarations","../marketplace-app/features/appointments/view-model.ts","2026-07-13","Zavoia","local_code","Explicit optional stubs for recurrence payment policy distance rating media and cancellation metadata","UI degradation is not backend functionality"
"CODE030","Zavoia marketplace app","Push registration service and hook","../marketplace-app/features/push-notifications/hooks.ts","2026-07-13","Zavoia","local_code","Hook states it does not request or register; service contains uninvoked token path","Listener or inbox presence must not be described as operational registration"
"CODE031","Zavoia marketplace app","Placeholder marketplace home data","../marketplace-app/features/home/placeholder-data.ts","2026-07-13","Zavoia","local_code_demo","Fabricated London businesses ratings images and discount offers","Must be removed or clearly gated before Romanian launch"
"CODE032","Zavoia marketplace app","Placeholder home API","../marketplace-app/features/home/api.ts","2026-07-13","Zavoia","local_code_demo","States featured and promotions endpoints do not exist and returns placeholders","Not a merchant promotion engine"
"CODE033","Zavoia marketplace app","Terms and Conditions page","../marketplace-app/app/terms-and-conditions.tsx","2026-07-13","Zavoia","local_code_marketing","Literal Lorem Ipsum terms with a December 2024 label","Launch blocker; not legal content"
"CODE034","Zavoia marketplace app","Company details page","../marketplace-app/app/company-details.tsx","2026-07-13","Zavoia","local_code_marketing","Fabricated company registration VAT address email phone and domain placeholders","Launch blocker; not real company evidence"
"CODE035","Zavoia public web","Footer links and newsletter","../zavoia-web/src/components/shell/footer.tsx","2026-07-13","Zavoia","local_code_marketing","Absent legal/about/support/offers routes; stale London links; newsletter success without endpoint","Launch blocker and 404/deceptive-success risk"
"CODE036","Zavoia public web","SEO category content","../zavoia-web/src/app/_components/category-content.tsx","2026-07-13","Zavoia","local_code","Indexable city-industry pages render Businesses coming soon","Does not distribute live marketplace supply"
"CODE037","Zavoia legacy marketplace","Maintenance rewrite","../marketplace/vercel.json","2026-07-13","Zavoia","local_code","All non-API traffic rewrites to maintenance","Legacy product is dormant and not a live acquisition surface"
"CODE038","Zavoia admin-api","Booking settings entity","../admin-api/src/entities/bookingSettings.entity.ts","2026-07-13","Zavoia","local_code","Advance windows slots buffers cancellation reschedule confirmation staff selection reminders","No deposit or customer payment settings; cancellation is merchant-configurable"
"CODE039","Zavoia admin-api","Customer review submission","../admin-api/src/modules/marketplace/customer/customer.service.ts","2026-07-13","Zavoia","local_code","Appointment-linked customer review submission","Submit path does not enforce completed appointment status"
"CODE040","Zavoia admin-api","Marketplace self-publication","../admin-api/src/modules/marketplace-listing/marketplace-listing.service.ts","2026-07-13","Zavoia","local_code","Owners can publish marketplace listings","No KYB identity verification workflow was found"
"CODE041","Zavoia admin CRM and API","Internal website catalogue administration","../admin-crm/src/features/websiteVariants","2026-07-13","Zavoia","local_code","Internal section and variant catalogue routes and CRUD foundations with current commercial-field work","Material admin-crm and admin-api catalogue files were uncommitted; report reproducibility manifest records representative SHA-256 hashes"
"macro_sme_2025","European Commission Joint Research Centre","Romania SME Fact Sheet 2025","https://single-market-economy.ec.europa.eu/document/download/6ce36fb1-36e9-469d-a62f-b80a33841242_en?filename=Romania+-+SME+Fact+Sheet+2025.pdf","2026-07-13","Romania","official_estimate_report","2024 estimate of 929463 SMEs; 99.8 percent of enterprises; 876813 micro enterprises","Non-financial business economy estimate; not a target-niche business count or paying TAM"
"digital_intensity_2023","Eurostat","Digitalisation in Europe: Romanian enterprise digital intensity","https://ec.europa.eu/eurostat/web/products-eurostat-news/w/ddn-20240829-1","2026-07-13","Romania; EU","official_statistics_article","72.1 percent of Romanian enterprises in scope had very low digital intensity in 2023","Survey covers enterprises with at least 10 persons and selected activities; excludes many micro firms and niches"
"ai_adoption_2024","Eurostat","AI use in enterprises in 2024","https://ec.europa.eu/eurostat/web/products-eurostat-news/w/ddn-20250123-3","2026-07-13","Romania; EU","official_statistics_article","Romania enterprise AI-use rate of 3.1 percent in 2024","Enterprise ICT scope is not representative of target micro-businesses"
"digital_decade_ro_2025","European Commission","Romania 2025 Digital Decade Country Report","https://digital-strategy.ec.europa.eu/en/factpages/romania-2025-digital-decade-country-report","2026-07-13","Romania","official_policy_report","Official assessment that Romanian enterprise and SME digitalisation lags the EU","Policy assessment; does not quantify niche TAM or willingness to pay"
"insse_enterprise_tables","Institutul Național de Statistică","TEMPO-Online enterprise statistics catalogue","https://statistici.insse.ro/shop/index.jsp?context=55&lang=ro&page=tempo2","2026-07-13","Romania","official_statistics_catalogue","Identifies tables for active enterprises and local units by four-digit CAEN and employee size/county","Numeric cells could not be exported; no niche counts were inferred"
"caen_rev3_beauty","Oficiul Național al Registrului Comerțului","CAEN Rev.2 9602 to CAEN Rev.3 correspondence","https://www.onrc.ro/index.php/ro/caen-rev3-explicatii?CLASA_REV2=9602&DENUMIRE_REV2=Coafur%C4%83%20%C8%99i%20alte%20activit%C4%83%C8%9Bi%20de%20%C3%AEnfrumuse%C8%9Bare","2026-07-13","Romania","official_classification","Rev.3 separation of hair barber beauty-treatment and related activities","Classification only; no enterprise count; historical values need official reallocation"
"beauty_order_1648","Ministerul Sănătății; Portal Legislativ","Order 1648 of 29 March 2024","https://legislatie.just.ro/public/DetaliiDocument/281606","2026-07-13","Romania","official_law","Legal basis for beauty tattoo piercing and dermal-implant hygiene norms; effective 10 May 2024","Regulatory scope only; not market-size evidence"
"beauty_hygiene_norms_2024","Ministerul Sănătății; Portal Legislativ","Hygiene norms for beauty tattoo piercing and dermal-implant salons","https://legislatie.just.ro/public/DetaliiDocument/281607","2026-07-13","Romania","official_law","Covered procedures qualified operators client/procedure records disinfection and sterilisation registers and electronic records","Obligations vary by procedure; not demand evidence"
"lawyers_active_2025","Casa de Asigurări a Avocaților; UNBR","CAA Annual Report 2025","https://unbr.ro/wp-content/uploads/2026/05/Raport-CAA-2025-v7-A4-r.pdf","2026-07-13","Romania","professional_body_report","23445 active lawyers in 2025","Counts professionals not distinct firms locations SaaS buyers or TAM"
"accounting_sector_2024","CECCAR","Sectoral money-laundering risk assessment report","https://ceccar.ro/ro/wp-content/uploads/2025/08/PDF-Raport-CECCAR-2025-evaluare-risc-spalarea-banilor.pdf","2026-07-13","Romania","professional_body_report","5671 individual liberal professionals; 12776 authorised accounting entities; 48108 total members at 2024 year-end","Categories differ and must not be summed; not buyers or TAM"
"tax_consultants_2024","Camera Consultanților Fiscali","Sectoral risk assessment report","https://ccfiscali.ro/content/ONPCSB/2025/Iulie/Raport%20evaluare%20sectoriala.pdf","2026-07-13","Romania","professional_body_report","4180 active tax consultants at end Q4 2024","Professionals not unique firms or willingness to pay"
"notaries_2025","Ministerul Justiției; Portal Legislativ","Order 2260/C updating notary-public posts","https://legislatie.just.ro/Public/DetaliiDocument/303980","2026-07-13","Romania","official_law","2696 notaries in function in 2025 post structure","Occupied posts/persons not unique offices or buyers"
"education_system_2024_25","Ministerul Educației și Cercetării","State of pre-university education 2024-2025","https://www.edu.ro/sites/default/files/_fi%C8%99iere/Minister/2025/div/Rapoarte_sistem/Raport_Stare_invatamant_preuniversitar_2024-2025.pdf","2026-07-13","Romania","official_statistics_report","2.8688 million pre-university pupils","Pupil population is not tutoring demand or supply"
"online_learning_2023","Eurostat","Increase in online education in the EU in 2023","https://ec.europa.eu/eurostat/web/products-eurostat-news/w/ddn-20240124-2","2026-07-13","Romania; EU","official_statistics_article","10 percent of Romanian internet users 16-74 used an online course or learning material","Not private-tutoring purchase or software adoption"
"child_deprivation_2024","Eurostat","Child-specific material deprivation in 2024","https://ec.europa.eu/eurostat/web/products-eurostat-news/w/ddn-20250613-2","2026-07-13","Romania; EU","official_statistics_article","31.8 percent of Romanian children under 16 faced child-specific material deprivation","Welfare measure; does not directly measure tutoring affordability or intent"
"pet_households_2025","FEDIAF","FEDIAF Annual Report 2025","https://www.europeanpetfood.org/wp-content/uploads/2025/12/FEDIAF-AR-2025_Online.pdf","2026-07-13","Romania; Europe","industry_association_report","Estimated Romanian household dog and cat ownership shares","Industry estimates overlap and must not be added; not a business count"
"pet_methodology_2026","FEDIAF","FEDIAF Annual Report and Facts and Figures 2026 methodology","https://europeanpetfood.org/wp-content/uploads/2026/06/FEDIAF_Annual-Report_2026_WEBv1.1.pdf","2026-07-13","Romania; Europe","industry_association_methodology","Romanian pet values use consulting estimates when association data were unavailable","Confirms estimation rather than census"
"vet_unit_register","Colegiul Medicilor Veterinari din România","Unique register search for veterinary units","https://cmvro.cmvro.ro/cmvro/Unitati.aspx","2026-07-13","Romania","professional_register","Official live unit register by county","No frozen national count extracted; rows are not necessarily active bookable buyers"
"vet_register_review_2019_24","Colegiul Medicilor Veterinari din România","Random verification of veterinary units 2019-2024","https://cmvro.ro/files/download/noutati/Raport%20CMVRO%202019%20-%202024.pdf","2026-07-13","Romania","professional_body_report","Register-quality and verification caveats","Some ceased or nonexistent units remained pending removal; verification incomplete"
"pet_grooming_rules_2024","ANSVSA; Portal Legislativ","Veterinary sanitary norm of 18 January 2024","https://legislatie.just.ro/Public/DetaliiDocument/279034","2026-07-13","Romania","official_law","Registration authorisation facility and equipment requirements including dog-grooming units","Regulation only; no business count or software demand"
"doctors_2026","Colegiul Medicilor din România","World Health Day 2026 physician-capacity release","https://www.cmr.ro/wp-content/uploads/2026/04/CMR-Comunicat-Ziua-Mondiala-a-Sanatatii-2026.pdf","2026-07-13","Romania","professional_body_register_snapshot","61934 physicians with valid practice approval at 7 April 2026 plus over 22000 residents","People across public/private practice not private clinics or buyers"
"dentistry_access_2026","Colegiul Medicilor Stomatologi din România","National Council meeting summary 19 March 2026","https://cmsr.ro/rezumat-sedinta-ordinara-a-consiliului-national-al-cmsr-din-data-de-19-03-2026/","2026-07-13","Romania","professional_body_analysis","Approximate one dentist per 735 residents and about 0.3 visits per person yearly","Approximate ratios not practice counts revenue or demand"
"physio_authorisation","Colegiul Fizioterapeuților din România","College and Unique Register of Physiotherapists","https://colegiulfizioterapeutilor.ro/colegiul/","2026-07-13","Romania","professional_regulator_page","Only authorised members may legally practise; unique register exists","No verified national independent-cabinet count extracted"
"physio_caen_rev3","Colegiul Fizioterapeuților din România","CAEN code update for physiotherapy","https://colegiulfizioterapeutilor.ro/actualizare-cod-caen/","2026-07-13","Romania","professional_regulator_notice","CAEN Rev.3 code 8695 from 2025","Classification only; not business-count evidence"
"gdpr_article9","European Union; EUR-Lex","Regulation EU 2016/679 Article 9","https://eur-lex.europa.eu/eli/reg/2016/679/2016-05-04/eng","2026-07-13","EU; Romania","official_law","Health data are special-category personal data","Not legal advice; lawful basis and roles depend on processing and contracts"
"patient_rights_law","Romanian Parliament; Portal Legislativ","Law 46/2003 on patient rights consolidated","https://legislatie.just.ro/Public/DetaliiDocument/232304","2026-07-13","Romania","official_law","Confidentiality of condition investigations diagnosis prognosis treatment and personal data","Does not determine Zavoia controller/processor role"
"telemedicine_rules","Government of Romania; Portal Legislativ","Government Decision 1133/2022 telemedicine rules","https://legislatie.just.ro/public/DetaliiDocument/259367","2026-07-13","Romania","official_law","Telemedicine scope quality patient-rights confidentiality and organisation requirements","Relevant only if product supplies or materially supports telemedicine"
"car_motorisation_2022","Eurostat","Passenger cars per 1000 inhabitants in 2022","https://ec.europa.eu/eurostat/web/products-eurostat-news/w/ddn-20240117-1","2026-07-13","Romania; EU","official_statistics_article","Romania had 417 passenger cars per 1000 residents in 2022","Fleet density is not appointment demand or workshop count"
"car_fleet_age_2024","Eurostat","Passenger cars in the EU","https://ec.europa.eu/eurostat/statistics-explained/SEPDF/cache/25886.pdf","2026-07-13","Romania; EU","official_statistics_report","Romania among countries with high share of passenger cars over 20 years in 2024","Fleet age is context not service frequency spending or buyers"
"rar_itp_authorisation","Registrul Auto Român","Authorisation of periodic technical inspection stations","https://www.rarom.ro/?page_id=51","2026-07-13","Romania","official_regulator_page","ITP by RAR or RAR-authorised monitored operators","No national station count"
"rar_itp_live_list","Registrul Auto Român","Authorised ITP units public lists","https://prog.rarom.ro/listepublice/itp.asp","2026-07-13","Romania","official_regulatory_register","Current county-level ITP unit lists","No deduplicated count; unit is not necessarily a distinct firm or buyer"
"rar_activity_2024","Registrul Auto Român","Activity Report and Programme 2024-2025","https://www.rarom.ro/wp-content/uploads/2025/05/Raport-activitate-si-program_2024-2025.pdf","2026-07-13","Romania","official_regulator_report","1198 automotive-market complaints in 2024 and categories","Selected complaints not prevalence or proof scheduling solves them"
"sport_employment_2023","Eurostat","Employment in sport in 2023","https://ec.europa.eu/eurostat/web/products-eurostat-news/w/ddn-20240726-2","2026-07-13","Romania; EU","official_statistics_article","Sport was 0.28 percent of Romanian employment in 2023","Broad sport indicator not trainer or gym count"
"sport_employment_2024","Eurostat","Employment in sport 2024","https://ec.europa.eu/eurostat/statistics-explained/SEPDF/cache/44953.pdf","2026-07-13","Romania; EU","official_statistics_report","Romanian sport employment fell 25 percent in 2024","Broad volatile series not willingness to pay"
"romania_vat_21","Romanian Parliament; Portal Legislativ","Law 141/2025","https://legislatie.just.ro/Public/DetaliiDocument/300229","2026-07-13","Romania","official_law","Fiscal Code amendment setting standard VAT at 21 percent effective 1 August 2025","Application to a specific SaaS invoice depends on customer status place of supply registration reverse charge OSS and later rules"
"anaf_vat_2025","ANAF","Guide to main VAT-rate changes","https://static.anaf.ro/static/10/Anaf/AsistentaContribuabili_r/Cotele_de_TVA_09.2025.pdf","2026-07-13","Romania","official_tax_guidance","Corroborates 21 percent standard VAT from 1 August 2025","General guidance; business-specific treatment needs accounting review"
"stripe_ro_pricing","Stripe","Pricing and fees Romania","https://stripe.com/en-ro/pricing","2026-07-13","Romania","official_processor_pricing","Standard EEA 1.5 percent plus 1 RON; premium EEA 1.9 percent plus 1; UK 2.5 percent plus 1; international 3.25 percent plus 1; conversion plus 2 percent; dispute fees","Actual mix terms Billing Connect refunds taxes and negotiated rates can add or change cost"
"stripe_ro_billing","Stripe","Romania Billing pricing","https://stripe.com/en-ro/billing/pricing","2026-07-13","Romania","official_processor_pricing","Billing pay-as-you-go at 0.7 percent of Billing volume; annual-contract option starts at 2850 RON monthly","Can stack with Payments fees; actual volume basis account contract service tax and product configuration can differ"
"stripe_connect","Stripe","Connect pricing","https://stripe.com/connect/pricing","2026-07-13","Global USD","official_processor_pricing","Published models differ by who controls connected-account pricing; platform-controlled reference includes active-account and payout fees","Not Romania-localized; liability payer country contract and funds flow determine actual cost"
"twilio_ro_sms","Twilio","SMS pricing in Romania","https://www.twilio.com/en-us/sms/pricing/ro","2026-07-13","Romania","official_provider_pricing","Outbound SMS listed at USD 0.0781 per segment before possible carrier fees; failed message processing USD 0.001","Price varies by destination carrier number and future provider changes; USD conversion separate"
"twilio_segments","Twilio","Message character limits and segments","https://www.twilio.com/docs/glossary/what-sms-character-limit","2026-07-13","Global","official_provider_documentation","GSM-7 Unicode and concatenation determine SMS segment count","Does not state Zavoia internal credit policy"
"ecb_fx_20260710","European Central Bank Data API","RON per EUR reference rate 10 July 2026","https://data-api.ecb.europa.eu/service/data/EXR/D.RON.EUR.SP00.A?startPeriod=2026-07-10&endPeriod=2026-07-10&format=csvdata","2026-07-13","EU","official_date_bounded_reference_rate","EUR RON 5.2333 on 2026-07-10","Reference rate is not a guaranteed settlement rate"
"ecb_usd_fx_20260710","European Central Bank Data API","USD per EUR reference rate 10 July 2026","https://data-api.ecb.europa.eu/service/data/EXR/D.USD.EUR.SP00.A?startPeriod=2026-07-10&endPeriod=2026-07-10&format=csvdata","2026-07-13","EU","official_date_bounded_reference_rate","EUR USD 1.1430 on 2026-07-10","Reference rate is not a guaranteed settlement rate"
"mero_pricing","MERO","Prețuri aplicație programări - MERO Profesioniști","https://mero.ro/pro/preturi","2026-07-13","Romania","official_pricing","EUR 34.99 monthly excluding VAT; one professional; EUR 9.99 additional active professional; unlimited bookings/SMS; 14-day trial","No general marketplace-acquisition commission or appointment-payment rate disclosed"
"mero_product","MERO","Câștigă timp și clienți fideli cu MERO","https://mero.ro/pro","2026-07-13","Romania","official_product","Marketplace profile Google/social booking payments reports waitlist and link from owned website","Profile/links are not a merchant-controlled website builder; scale is vendor-claimed"
"mero_gift_cards","MERO Asistență","Carduri Cadou","https://asistenta.mero.ro/ro/articles/5756305-carduri-cadou","2026-07-13","Romania","official_help","Zero MERO commission on gift cards and 1.5 percent plus 1 RON Stripe processing for own gift cards","Specific to gift cards; not proof for all appointment payments"
"mero_appstore","Apple App Store; MERO","MERO Pro","https://apps.apple.com/ro/app/mero-pro/id1554148874","2026-07-13","Romania","app_store","Corroborates a current Romanian business app and marketplace/profile/booking functionality","Does not independently verify vendor scale or marketing claims"
"stailer_pricing","Stailer","Stailer Beauty Pro pricing","https://lp.stailer.app/pricing","2026-07-13","Romania","official_pricing","175 RON per 30 days for whole salon; 25 RON credits; unlimited bookings/reminders; seven-day card trial; commission configurable 0 to 100 percent","Conflicts with App Store channel pricing; tax wording must be read with terms"
"stailer_terms","Stailer","Terms and conditions","https://lp.stailer.app/terms-conditions","2026-07-13","Romania","official_legal","175 RON plus VAT where applicable each 30 days; credit equals 1 RON and expires after 180 days; optional acquisition commission mechanics","Terms mix provider references and omit payment-processing rates"
"stailer_model_change","Stailer","Noul model Stailer","https://blog.stailer.ro/noul-model-stailer-mai-simplu-flexibil-si-mai-avantajos-pentru-tine/","2026-07-13","Romania","official_blog","Documents shift from fixed acquisition commissions to subscription plus optional 0 to 100 percent commission","April 2025 publication; current pricing/terms prevail"
"stailer_appstore","Apple App Store; Stailer","STAILER Beauty PRO","https://apps.apple.com/ro/app/stailer-beauty-pro/id1535434485","2026-07-13","Romania","app_store","Current business app; monthly Pro IAP 239.99 RON and monthly Individual 139.99 RON","Channel prices conflict with official web price; reviews are not market-share evidence"
"fresha_pricing","Fresha","Dynamic pricing USD render observed during audit","https://www.fresha.com/en-GB/pricing","2026-07-13","Geolocation-dynamic; USD render","official_dynamic_pricing_observation","Observed USD 19.95 monthly Independent; USD 14.95 monthly per bookable team member; local sales taxes excluded; 20 percent new-client fee with USD 6 minimum","URL output is geolocation-dynamic and is not a stable Romania quote; another audit render produced PLN prices and different marketplace-fee output"
"fresha_pricing_pln","Fresha","Dynamic pricing PLN render observed during audit","https://www.fresha.com/ro/pricing","2026-07-13","Geolocation-dynamic; Poland-context render","official_dynamic_pricing_observation","Observed PLN 29 monthly Independent; PLN 19 monthly per bookable member; 23 percent sales tax excluded; new-client line rendered free","Language path is not a country-price guarantee; conflicts with the USD render and cannot be treated as Romania pricing"
"fresha_plan_help","Fresha Help Center","Manage your Fresha plan","https://www.fresha.com/help-center/knowledge-base/billing-and-fees/574-manage-your-fresha-plan","2026-07-13","Global","official_help","Independent and Team plan structure; price based on bookable team members; first-day monthly charge; cancellation/reactivation mechanics","Numeric prices and allowances delegate to dynamic pricing page"
"fresha_bucharest","Fresha","Best salons in București","https://www.fresha.com/lp/en/ro-bucure%C8%99ti","2026-07-13","Bucharest Romania","official_marketplace","Active Bucharest marketplace with RON services and current reviews","Displayed venue count is dynamic/category-specific and not market share"
"fresha_profile","Fresha Help Center","Create your online profile","https://www.fresha.com/help-center/knowledge-base/online-profile/102075-create-your-online-profile","2026-07-13","Global","official_help","Defines customer-facing surface as marketplace profile and billing prerequisite to publish","Does not document full merchant website builder or native custom domain"
"fresha_direct_links","Fresha Help Center","Add a book button to your website","https://www.fresha.com/help-center/knowledge-base/online-profile/152-add-a-book-button-to-your-website","2026-07-13","Global","official_help","Direct links and buttons lead to Fresha pages; merchant-owned acquisition can avoid new-client fee","Requires listed Fresha profile and attribution conditions"
"fresha_new_client_fee","Fresha Help Center","Marketplace new client fees","https://www.fresha.com/help-center/knowledge-base/billing-and-fees/188-188-marketplace-new-client-fees","2026-07-13","Global","official_help","Fee applies once to marketplace-discovered client's first completed appointment; attribution can persist across later channel","Numeric rate delegated to pricing page; rules can produce non-obvious attribution"
"notino_pricing","Notino Partner","Prețuri sistem de rezervări pentru saloane","https://partner.notino.ro/preturi/","2026-07-13","Romania","official_pricing","Basic free forever and Premium currently completely free; bookings CRM reviews notifications waitlist affiliate program","No guarantee Premium stays free; payment-at-booking rates not disclosed"
"notino_about","Notino Partner","Despre noi","https://partner.notino.ro/despre-noi/","2026-07-13","Romania; CEE","official_product","Romanian expansion and web booking plus dated milestones","Scale figures are self-reported"
"notino_affiliate","Notino Partner","Programul de afiliere","https://partner.notino.ro/programul-de-afiliere/","2026-07-13","Romania","official_program_terms","5 percent qualifying retail reward; conditional 20 RON first app-booked client benefit; referral reward","Rewards are not transferable cash; conditions and first-three-month limit apply"
"notino_premium_update","Notino Partner","Premium rămâne gratuit in 2026","https://partner.notino.ro/inspiratie/noutati/premium-gratuit-modificare-beneficiu-2026/","2026-07-13","Romania","official_blog","Corroborates Premium currently free and limits new-client benefit","Promotional policy can change"
"bookr_pricing","Bookr","Alege planul potrivit","https://bookr.ro/ro/preturi","2026-07-13","Romania","official_pricing","Free one staff and 100 appointments monthly; Gold EUR 24.99 and Platinum EUR 44.99 monthly with unlimited staff; annual EUR 249.99/449.99; EXTRA20 first-transaction offer","VAT not documented; claimed 20 percent annual saving conflicts with listed totals at about 16.7 percent; EXTRA20 has no stated end date; generated website wording does not establish free-form editor or custom domain"
"bookr_business","Bookr","Business product","https://bookr.ro/ro/business","2026-07-13","Romania","official_product","Marketplace CRM payments reporting and Magic link profile/site","No documented full section builder or custom domain"
"bookr_payments","Bookr","FAQ","https://www.bookr.ro/ro/faqs","2026-07-13","Romania","official_help","Processor fee up to 2.9 percent plus EUR 0.25 plus EUR 0.60 Bookr fee; stated payout 1 to 3 days","Processor unnamed and up-to wording prevents universal rate"
"planific_pricing","Planific.ro","Oferte","https://planific.ro/oferte/","2026-07-13","Romania","official_pricing","Services family: Free; Basic 40; Business 50; Premium 70 RON monthly plus VAT; annual-effective 34/42/59","Separate Subscriptions and combined Services plus Subscriptions families also exist"
"planific_builder","Planific.ro","Website gratuit","https://planific.ro/functionalitati/website-gratuit/","2026-07-13","Romania","official_product","Hosted name.planific.ro site on every plan; nine content-zone types; booking from Business","Normal custom-domain support and editor depth beyond documented zones not verified"
"planific_features","Planific.ro","Funcționalități","https://planific.ro/functionalitati/","2026-07-13","Romania","official_product","Website builder online booking customer management forms roles Stripe payments and invoice integrations","Merchant supplies Stripe keys; processor cost separate"
"programo_product_pricing","Programo","Aplicație programări clienți","https://www.programo.ro/","2026-07-13","Romania","official_product_and_pricing","Free 50-booking allowance; 89 RON monthly with unlimited SMS promoted from 139; 59 without SMS routes through WhatsApp; branded booking page; annual 1068 shown","Promotion has no clear end date; VAT and staff/location basis are not documented; adoption/testimonial claims unverified"
"ocupaloc_pricing","OcupaLoc","Pricing","https://ocupaloc.ro/preturi","2026-07-13","Romania","official_pricing","59.99 RON monthly; 14-day trial; unlimited appointments; no per-booking commission; public booking link","Online payment at booking explicitly absent; traction unknown"
"planifico_pricing","Planifico","Pricing","https://planifico.ro/pricing","2026-07-13","Romania","official_pricing","Free/99/199/399 RON monthly; client/user/notification limits; extra SMS 0.50 and WhatsApp 0.35 RON","Excludes VAT; traction claims unverified"
"planifico_terms","Planifico","Terms","https://planifico.ro/terms","2026-07-13","Romania","official_legal","Corroborates plan and notification-unit costs","Availability is an objective not unconditional guarantee"
"sclipi_pricing","Sclipi","Programări online pentru saloane","https://sclipi.ro/","2026-07-13","Romania","official_product_and_pricing","Launch Solo 39 Pro 79 Business 159 RON against 49/99/199; one/up-to-five/unlimited users; separate 20 percent annual-payment claim; 14-day no-card trial; zero booking commission","VAT annual totals stacking rules promotion duration and end date are not documented; traction unverified"
"minara_pricing","Minara","Aplicație programări","https://minara.ro/","2026-07-13","Romania","official_product_and_pricing","0.20 RON per booking or 0.50 with SMS; public salon page; free-booking promotion","Same page contradicts itself between first 200 and first 300 bookings free; VAT not documented; very new with no independent traction"
"calendis_pricing","Calendis Business","Prețuri","https://business.calendis.ro/preturi","2026-07-13","Romania","official_pricing","Start 39 Optim 65 Nelimitat 95 RON per specialist monthly excluding VAT; one-month free trial; Start and Optim SMS 0.16 RON; Nelimitat SMS included","Calculator converts 65 to 77.35 using an implicit stale 19 percent VAT instead of current 21 percent; terms separately say price and details are agreed in writing"
"calendis_features","Calendis Business","Funcționalități","https://business.calendis.ro/functionalitati","2026-07-13","Romania","official_product","Multi-location/staff recurring appointments CRM reports; first 100 SMS granted once then 0.16 RON; marketplace and website button","Does not document a full content-site builder and its SMS framing must be reconciled with the pricing page"
"calendis_terms","Calendis Business","Terms and conditions","https://business.calendis.ro/termeni-si-conditii","2026-07-13","Romania","official_legal","Three subscription variants with subscription price and details agreed in writing","Conflicts with current public numeric pricing page"
"myagenda_pricing","MyAgenda","Aplicație de programări","https://www.myagenda.ro/","2026-07-13","Romania","official_product_and_pricing","Standard 25 and Premium 39 RON monthly VAT included; Premium booking page","Low-end comparator without marketplace; adoption unknown"
"booksy_supported_countries","Booksy","Supported consumer countries","https://help.booksy.com/hc/en-gb/articles/21594778319122-Can-I-use-Booksy-outside-of-my-country","2026-07-13","International","official_help","Lists supported Booksy consumer countries and omits Romania","Country list can change"
"booksy_uk_pricing","Booksy","UK pricing","https://biz.booksy.com/en-gb/pricing","2026-07-13","United Kingdom","official_pricing","GBP 40 monthly plus VAT; GBP 5 additional user; seven-day trial; Boost 30 percent minimum GBP 5","UK benchmark only"
"booksy_boost","Booksy Help Centre","How Boost works","https://support.booksy.com/hc/en-gb/articles/16486272070546-How-does-Boost-work","2026-07-13","United Kingdom","official_help","Optional Boost one-time 30 percent minimum GBP 5 on first completed new-client visit","Conflicts with broader stale feature page showing 40 percent minimum GBP 10"
"booksy_profile","Booksy","Booksy Profile","https://biz.booksy.com/en-gb/features/booksy-profile","2026-07-13","International product","official_product","Public profile with services prices availability reviews portfolio and booking","Profile is not full website builder/custom domain"
"booksy_features","Booksy","Features","https://biz.booksy.com/en-gb/features","2026-07-13","United Kingdom","official_product","Variants add-ons processing time packages memberships loyalty staff reports widget and profile","Boost copy conflicts with dedicated current pricing/help"
"booksy_poland_pricing","Booksy","Poland pricing","https://biz.booksy.com/pl-pl/cennik","2026-07-13","Poland","official_pricing","145 PLN net monthly plus 35 PLN additional worker; no extra-worker fee after threshold","Polish benchmark; old legal materials can show prior rate"
"treatwell_countries","Treatwell","Country selector","https://treatwell.com/","2026-07-13","Europe","official_country_directory","Current marketplace countries omit Romania","Can change after access date"
"treatwell_pricing","Treatwell","UK partner pricing","https://www.treatwell.co.uk/partners/pricing/","2026-07-13","United Kingdom","official_pricing","35 percent first marketplace booking; zero repeat/direct; 2.5 percent plus VAT online prepayment","Monthly software subscription is quote-only"
"treatwell_payments","Treatwell","Treatwell Pay","https://www.treatwell.co.uk/partners/solutions/payments/","2026-07-13","United Kingdom","official_pricing_and_product","In-person 1.1 percent plus 20p excluding VAT; online prepayment 2.5 percent; terminal and payout options","UK-specific; custom deals can differ"
"treatwell_terms","Treatwell","Partner Terms","https://www.treatwell.co.uk/info/supplier-terms-and-conditions/","2026-07-13","United Kingdom; selected Europe","official_legal","Hosted partner page unique subdomain/conditional own domain widget attribution ranking","No merchant-operated section/variant editor documented"
"simplybook_pricing","SimplyBook.me","Dynamic pricing EUR render observed during audit","https://simplybook.me/en/pricing","2026-07-13","Geolocation-dynamic; EUR render","official_dynamic_pricing_observation","Monthly Free/Basic/Standard/Premium EUR 0/13.90/29.90/59.90; annual-effective EUR 0/11.90/24.90/49.90; 50/100/500/2000 bookings and 1/5/15/30 providers; no platform transaction surcharge","URL is geolocation-dynamic and not a Romania quote; optional add-ons/processors separate"
"simplybook_pricing_gbp","SimplyBook.me","Dynamic pricing GBP render observed during audit","https://simplybook.me/en/pricing","2026-07-13","Geolocation-dynamic; GBP render","official_dynamic_pricing_observation","Another official crawl rendered Free GBP 0; Basic 12.90; Standard 25; Premium 55 monthly","Conflicts with EUR render; no country normalization inferred"
"simplybook_builder","SimplyBook.me","Website Builder with Booking System","https://simplybook.me/en/website-builder","2026-07-13","Global","official_product","Templates unlimited pages menu galleries news/blog iframe widgets and custom CSS","Premium features depend on plan/custom-feature allowances"
"simplybook_domain","SimplyBook.me","Custom domain integration","https://simplybook.me/en/simply-domain-integration","2026-07-13","Global; Europe","official_pricing_and_product","EUR 119 one-time connection feature for existing/new domains and DNS/SSL automation","Domain registration separate; connection feature not domain ownership"
"reservio_ro_pricing","Reservio","Romanian pricing","https://www.reservio.com/ro/preturi","2026-07-13","Romania","official_pricing","Free/Starter/Standard/Pro features and booking limits; Standard custom domain/design","Paid numerals failed to render and payment fees appeared in USD; Romania price unresolved"
"reservio_plan_overview","Reservio Help Center","Plan overview","https://help.reservio.com/ro/articles/8597072-prezentare-generala-a-planurilor-de-abonament-reservio","2026-07-13","Romania; Global","official_help","Plan limits and Enterprise starting EUR 40 monthly","No Romanian Starter/Standard/Pro numeric prices"
"reservio_booking_website","Reservio","Booking website","https://www.reservio.com/features/booking-website","2026-07-13","Global","official_product","Hosted site with logo cover staff themes domain option SEO services events reviews passes","Higher customization/domain require paid plans"
"reservio_customization","Reservio Help Center","Customize booking website","https://help.reservio.com/en/articles/5113844-how-to-customize-booking-website","2026-07-13","Global","official_help","Section visibility/order; higher tiers add preset headers and brand colors","Constrained preset editor not arbitrary multipage builder"
"reservio_domain","Reservio Help Center","Custom domain","https://help.reservio.com/en/articles/5113846-how-to-set-up-a-custom-domain","2026-07-13","Global","official_help","Standard/Pro CNAME custom subdomain","Third-level subdomain only and unavailable while marketplace-listed"
"reservio_marketplace_countries","Reservio Help Center","Marketplace countries","https://help.reservio.com/en/articles/10130232-in-which-countries-is-reservio-marketplace-available","2026-07-13","Czechia; Slovakia","official_help","Marketplace limited to Czech Republic and Slovakia","Romanian SaaS use does not imply discovery"
"reservio_payment_countries","Reservio Help Center","Payment countries","https://help.reservio.com/en/articles/9798889-in-which-countries-are-payments-available","2026-07-13","Europe including Romania","official_help","Payments available in Romania","Does not resolve Romania-specific price/fee presentation"
"planfy_ro_pricing","Planfy","Romanian-language pricing","https://www.planfy.com/ro/preturi","2026-07-13","Global; Romanian-language","official_pricing","Solo GBP 17; Team 37; Ultimate 97 monthly excluding VAT; no booking commission","GBP remains on Romanian page; Romanian traction unknown"
"planfy_booking_surfaces","Planfy","Ways to accept online bookings","https://www.planfy.com/blog/ways-to-accept-online-bookings/","2026-07-13","Global","official_help_blog","Popup/embed widget profile page with logo gallery map contact hours staff","2020 article; not current free-form builder/custom-domain evidence"
"setmore_pricing","Setmore","Pricing","https://www.setmore.com/pricing","2026-07-13","Global","official_pricing","Free up to four users/200 appointments; Pro unlimited users appointments SMS recurrence branding removal API","Rendered monthly price conflicts with other official sources"
"setmore_pro_help","Setmore Support","Setmore Pro","https://support.setmore.com/en/articles/4475815-setmore-pro-web-desktop","2026-07-13","Global","official_help","USD 12 per user monthly or USD 5 annual-effective","Conflicts with FAQ USD 9 monthly"
"setmore_faq","Setmore","FAQ","https://www.setmore.com/faqs","2026-07-13","Global","official_help","USD 9 per user monthly or USD 5 annual-effective","Conflicts with newer dated help article"
"setmore_booking_page","Setmore","Booking Page","https://www.setmore.com/features/booking-page","2026-07-13","Global","official_product","Branded hosted page with services team reviews payments","Not full website builder"
"setmore_url","Setmore Support","Booking Page URL","https://support.setmore.com/en/articles/490970-your-booking-page-url","2026-07-13","Global","official_help","Customizable setmore.com URL and embed","Native custom domains explicitly unsupported"
"setmore_setup_guide","Setmore","Booking Page setup","https://www.setmore.com/guides/booking-page-setup","2026-07-13","Global","official_guide","Logo staff services payments widgets","Only certain elements customizable; not overall template/background"
"WB001","Vagaro","Vagaro Plans Pricing and Premium Features","https://support.vagaro.com/hc/en-us/articles/22781768988187-Vagaro-Plans-Pricing-and-Premium-Features","2026-07-13","US Canada UK Australia","official_pricing_support","US limited-time base USD 23.99 monthly with one calendar; USD 10 each additional employee calendar through seven paid licences; MySite USD 20 monthly; Canada UK and Australia have separate currencies and amounts","Tax not stated; limited-time base and country-specific prices are not stable Romanian equivalents"
"WB002","Vagaro","Create Your Vagaro MySite","https://support.vagaro.com/hc/en-us/articles/20043887869851-Create-Your-Vagaro-MySite","2026-07-13","Global","official_support","Build/test before publication templates free subdomain synced services and business data","Availability can vary by account and region"
"WB003","Vagaro","Booking Website Builder","https://www.vagaro.com/pro/booking-website-builder","2026-07-13","Global","official_product","Booking ecommerce blog portfolio forms SEO and business-data sync","Marketing page does not document every plan restriction"
"WB004","Vagaro","Hire an Expert to Design Your Custom Website","https://support.vagaro.com/hc/en-us/articles/20043918683803-MySite-Hire-an-Expert-to-Design-Your-Custom-Website","2026-07-13","US Canada UK Australia","official_pricing_support","USD 299 US one-time design; included pages/one revision; USD 50 extra page or revision","Requires MySite subscription; regional prices differ and work becomes non-refundable after proof"
"WB005","Vagaro","Purchase a New Domain","https://support.vagaro.com/hc/en-us/articles/26664552669723-MySite-Purchase-a-New-Domain","2026-07-13","Global","official_support","Vagaro-purchased domains renew yearly and cannot transfer to another provider","Applies specifically to domains bought through Vagaro"
"WB006","Vagaro","Customer Participation Agreement","https://www.vagaro.com/pro/vagaro-customer-participation-agreement","2026-07-13","Global","official_legal","Customer ownership of supplied content versus Vagaro platform/site-content ownership and licensing","Legal effect varies by jurisdiction/version"
"WB007","Square","Appointments Pricing","https://squareup.com/us/en/appointments/pricing","2026-07-13","United States","official_pricing","Current USD 0/49/149 per-location plans and website/domain/theme entitlements","US-only; processing SMS hardware and taxes add cost"
"WB008","Square","Set Up Online Booking with Square Appointments","https://my.squareup.com/help/us/en/article/5355-set-up-online-booking-with-square-appointments","2026-07-13","United States","official_support","Choice of simple booking page or full-service Square website with sync","Does not enumerate every paid restriction"
"WB009","Square","Unified Pricing and Packaging","https://squareup.com/us/en/press/unified-pricing-and-packaging","2026-07-13","United States","official_press_release","October 2025 replacement of prior a-la-carte packages; older Appointments prices stale","Summary not full feature matrix"
"WB010","GlossGenius","Pricing","https://glossgenius.com/pricing","2026-07-13","United States","official_pricing","Standard Gold Platinum USD 28/56/168 monthly or annual-effective USD 24/48/148; each location pays plan price; flat 2.6 percent processing","Subscription tax not stated; US-only and annual discount does not establish Romanian willingness to pay"
"WB011","GlossGenius","Pricing and Subscription Plans","https://support.glossgenius.com/en/articles/189-glossgenius-pricing-and-subscription-plans","2026-07-13","United States","official_support_pricing","Plan prices annual totals Practice plans and payroll add-on","Availability can depend on account type"
"WB012","GlossGenius","Available Website Themes","https://support.glossgenius.com/en/articles/181-available-website-themes-for-your-booking-site","2026-07-13","United States","official_support","Classic theme on Standard; premium publication on Gold/Platinum; downgrade behavior","Catalogue/eligibility can change"
"WB013","GlossGenius","Customizing Online Booking Site","https://support.glossgenius.com/en/articles/199-customizing-the-look-of-your-online-booking-site","2026-07-13","United States","official_support","Site customization and no backend-code/traffic-analysis API access","Hosted site documentation not all integrations"
"WB014","GlossGenius","Link Booking Site to Personal Website","https://support.glossgenius.com/en/articles/620-how-to-link-your-glossgenius-booking-site-to-your-personal-website","2026-07-13","United States","official_support","Custom-domain linking/redirecting to hosted URL","DNS behavior registrar-dependent"
"WB015","Mindbody","US Pricing","https://www.mindbodyonline.com/en-gb/business/education/blog/mindbody-pricing-united-states","2026-07-13","United States","official_pricing_article","Starter begins USD 99 per location monthly; higher tiers sales-contact","Only starting rate public; contract/add-ons vary"
"WB016","Mindbody","UK Pricing","https://www.mindbodyonline.com/business/education/blog/mindbody-pricing-united-kingdom","2026-07-13","United Kingdom","official_pricing_article","Starter begins GBP 89 per location monthly","Only starting rate public"
"WB017","Mindbody","Branded Web Tools","https://www.mindbodyonline.com/business/branded-web-tools","2026-07-13","Global","official_product","Embeddable booking schedule ecommerce and account tools for existing websites","Widget distinction; eligibility can vary"
"WB018","Mindbody","Professional Services Agreement","https://www.mindbodyonline.com/company/legal/terms-of-service/professional-services-agreement","2026-07-13","Global","official_legal","Custom website scope ownership templates revisions domain and termination assistance","Quote/SOW pricing not public"
"zenoti_pricing","Zenoti","Pricing and Plans","https://www.zenoti.com/pricing-zenoti","2026-07-13","International","official_pricing_product","Quote-based suite with Get a Quote call to action","No public subscription implementation processing or add-on prices"
"WB019","Zenoti","Getting Started with Webstore V2","https://help.zenoti.com/en/consumer-experience/webstore/getting-started-with-webstore-v2.html","2026-07-13","Global","official_support","Booking storefront for services providers memberships gift cards packages","Retail commerce needs Shopify; this source does not document a general-purpose content-site builder"
"WB020","Zenoti","Custom Domains for Webstore","https://help.zenoti.com/en/consumer-experience/webstore/register-and-manage-custom-domain-names-for-your-webstore-in-zenoti.html","2026-07-13","Global","official_support","Custom-domain masking via booking subdomain","Webstore routing not standalone site hosting"
"WB021","Zenoti","Configure Webstore V2 Template","https://help.zenoti.com/en/consumer-experience/webstore/configure-the-webstore-v2-template.html","2026-07-13","Global","official_support","Template/styling configuration","This source does not document a general-purpose content-site builder"
"WB022","Boulevard","Pricing","https://www.joinblvd.com/pricing","2026-07-13","United States","official_pricing","Normal USD 176/293/410 monthly per location; observed limited-time new-customer summer offer USD 140/234/328; staff limits communication allowances and add-ons","Tax not documented; no offer end date; extracted billing selector does not unambiguously establish selected commitment"
"WB023","Boulevard","Messages","https://www.joinblvd.com/features/messages","2026-07-13","United States","official_product_pricing","Messages and USD 25 per-location monthly price","Not total communication cost"
"WB024","Wix","Is Wix Free? Pricing Explained","https://www.wix.com/blog/is-wix-free","2026-07-13","United States","official_pricing_article","Summary lists Free Light Core Business and Business Elite at USD 0/17/29/39/159 monthly figures; Core enables payments and online bookings","Same article later says Core USD 28; billing cycle and tax are not stated; geography and checkout can change presentation"
"WB025","Wix","About Wix Bookings","https://support.wix.com/en/article/wix-bookings-about-wix-bookings","2026-07-13","Global","official_support","Appointment class and course booking","No price by itself"
"WB026","Wix","Terms of Use","https://www.wix.com/about/terms-of-use/channels","2026-07-13","Global","official_legal","Customer uploaded-content ownership versus Wix platform ownership/licensing","Jurisdiction/version-dependent"
"WB027","Wix","Copyright of Wix Content","https://support.wix.com/en/article/copyright-of-wixs-content","2026-07-13","Global","official_support_legal","Platform/templates cannot simply migrate outside Wix","Customers retain independently owned uploads"
"WB028","Squarespace","FAQ","https://www.squarespace.com/about/faq","2026-07-13","United States","official_product_pricing_faq","Website plans starting monthly annual-billing price and trial","Localized starting prices differ"
"WB029","Squarespace","Pricing","https://www.squarespace.com/pricing","2026-07-13","Global","official_pricing","Domain inclusion hosting and website-plan structure","Dynamic localization prevents universal numerals"
"WB030","Squarespace","Acuity Scheduling","https://www.squarespace.com/scheduling","2026-07-13","Global","official_product","Calendars services appointments payments deposits reminders packages memberships embedding","Localized higher-tier prices not consistently exposed"
"WB031","Squarespace","Acuity Pricing Billing and Invoices","https://support.squarespace.com/hc/en-us/articles/360034944391-Acuity-Scheduling-pricing-billing-and-invoices","2026-07-13","Global","official_support_pricing","Acuity billed separately from website subscription","Taxes/region vary"
"WB032","Squarespace","Transaction Fees and Payment Processing","https://support.squarespace.com/hc/en-us/articles/27853679334157-Transaction-fees-and-payment-processing-rates","2026-07-13","Global","official_support_pricing","No Squarespace transaction fee on Acuity payments","External processor fees apply"
"WB033","Squarespace","Terms of Service","https://www.squarespace.com/terms-of-service/","2026-07-13","Global","official_legal","Customer content ownership versus platform/template ownership","Jurisdiction/version-dependent"
"WB034","GoDaddy","Website Builder","https://www.godaddy.com/websites/website-builder","2026-07-13","United States","official_pricing_product","Basic Premium Commerce promotional annual prices; booking and domain entitlements","Promotional annual and geography-dependent"
"WB035","GoDaddy","Website Design Services","https://www.godaddy.com/websites/web-design","2026-07-13","United States","official_professional_services","One-time professional build plus annual hosting; WordPress delivery/ownership statement","Build price quote-only"
"WB036","GoDaddy","Website Services Agreement","https://www.godaddy.com/en-in/legal/agreements/website-services-agreement","2026-07-13","Global","official_legal","Except user content builder-created site/platform materials belong to GoDaddy","Regional applicability must be checked"
"WB037","Shopify","Pricing","https://www.shopify.com/pricing","2026-07-13","Global","official_pricing","Basic Grow Advanced and Plus anchors","Country currency tax cycle and fees vary"
"WB038","Shopify","Theme Store","https://themes.shopify.com","2026-07-13","Global","official_marketplace","Free themes and observed premium full-theme examples around USD 280 to 430","Inventory/prices change and examples are not exhaustive"
"WB039","Shopify","Adding Previewing and Buying Themes","https://help.shopify.com/en/manual/online-store/themes/adding-themes","2026-07-13","Global","official_support","Paid themes can be previewed/customized before purchase but need purchase to publish","Applies to Shopify Theme Store"
"WB040","Shopify","Unlicensed Themes","https://help.shopify.com/en/manual/online-store/themes/managing-themes/unlicensed-themes","2026-07-13","Global","official_support_legal","Paid theme licence exclusive to one store; each additional store needs licence","Developers can add terms"
"WB041","Shopify","Refund Policy for Themes","https://help.shopify.com/en/manual/your-account/manage-billing/refund-policy-subscriptions","2026-07-13","Global","official_support_policy","Theme purchases generally final sale","Statutory rights/exceptions can vary"
"WB042","Section Store","All Shopify Sections","https://section.store/pages/all-sections","2026-07-13","Global","vendor_pricing_catalogue","Section Store catalogue listed individual sections from free through about USD 9 once plus an optional subscription","Vendor-controlled catalogue; not independent market-wide adoption or willingness-to-pay evidence"
"WB043","Shopify App Store; Section Store","Section Store Theme Sections","https://apps.shopify.com/section-factory","2026-07-13","Global","official_app_listing_third_party","Free install plus optional one-time premium section purchases","Vendor supplied content and prices change"
"WB044","Shopify App Store; Hazify","Hazify Sections","https://apps.shopify.com/hazify-sections","2026-07-13","Global","official_app_listing_third_party","USD 5 one-time per section and optional USD 12 monthly blocks plan; sections move between themes","Shopify-only third-party product"
"WB045","Webflow","Plans and Pricing","https://webflow.com/pricing","2026-07-13","Global","official_pricing","Starter free; Basic USD 15 and Premium USD 25 monthly billed yearly per site; custom domain SEO and seats; applicable taxes added at checkout","Yearly savings and add-ons vary; not a Romanian-currency quote"
"WB046","Webflow","Updated Pricing May 2026","https://help.webflow.com/hc/en-us/articles/51059955082387-Updated-pricing-and-simplified-plans-for-May-2026","2026-07-13","Global","official_pricing_announcement","May 2026 plan/pricing changes prevent stale comparisons","Future changes can supersede"
"WB047","Webflow","Salon and Barbershop Templates","https://templates.webflow.com/subcategory/salon-and-barbershop-websites","2026-07-13","Global","official_marketplace","Observed salon templates at USD 29 49 and 79","Examples not exhaustive; catalogue changes"
"WB048","Webflow","Template Licences","https://webflow.com/templates/template-licenses","2026-07-13","Global","official_legal_licensing","Paid template single-use for one project/client; modification/client transfer allowed; resale prohibited","Creator support terms can differ"
"WB049","Webflow","Templates Overview","https://help.webflow.com/hc/en-us/articles/33961270477971-Webflow-templates-overview","2026-07-13","Global","official_support","Templates previewable before purchase","Does not establish Romanian willingness to pay"
"WB050","Framer","Pricing","https://www.framer.com/pricing","2026-07-13","Global","official_pricing","Yearly-billed Basic USD 10 and Pro USD 30 monthly per site; extra editors USD 20 and content editors USD 10 monthly; custom domains SEO; applicable sales tax by location","Currency tax and add-ons vary; not a Romanian-currency quote"
"WB051","Framer","Salono Template","https://www.framer.com/community/marketplace/templates/salono","2026-07-13","Global","official_marketplace","Salon full-site template USD 29 once","Single creator-controlled example"
"WB052","Framer","Community Terms","https://www.framer.com/legal/community-terms","2026-07-13","Global","official_legal","Paid assets generally single-use; creator retains IP; resale prohibited","Check effective date and creator licence"
"WB053","Framer","Marketplace Refunds","https://www.framer.com/help/articles/how-refunds-work-on-the-marketplace","2026-07-13","Global","official_support_policy","Refund decisions under creator-controlled terms","Consumer rights vary"
"WB054","Framer","Creator Program","https://www.framer.com/help/articles/how-the-creator-program-works","2026-07-13","Global","official_support","Creators currently keep 100 percent of marketplace sales","Not evidence of Zavoia processor costs"
"WB055","Elementor","Elementor Pro Pricing","https://elementor.com/pricing","2026-07-13","Global","official_pricing","Annual subscription anchors and site limits","Hosting separate and promotions change"
"WB057","Elementor","Template Library Terms","https://elementor.com/terms/template-library","2026-07-13","Global","official_legal","Library access subscription-based; client use allowed; standalone resale prohibited","Terms can change"
"WB058","Envato","Elements Pricing","https://elements.envato.com/pricing","2026-07-13","Global","official_pricing","Core/Plus annual and monthly subscription anchors","Taxes and promotions vary"
"WB059","Envato","One Project per Licence","https://help.elements.envato.com/hc/en-us/articles/360000621483","2026-07-13","Global","official_licensing_support","Each asset licence one project; completed-project licence survives cancellation","New projects need licence while subscribed"
"WB060","Envato","Template Kits WordPress Extension","https://help.elements.envato.com/hc/en-us/articles/360020522851-Envato-Elements-Template-Kits-WordPress-Extension","2026-07-13","Global","official_licensing_support","Envato kits cannot be used in automated/on-demand DIY website builders","Applies to Envato assets not original Zavoia designs"
"WB062","European Union","VAT Rules and Rates by Country","https://europa.eu/youreurope/business/taxation/vat/vat-rules-rates/indexamp_en.htm","2026-07-13","European Union","official_government_guidance","Current Romanian standard VAT cross-check","National legislation controls on conflict"
"WB063","ANAF","Modificări TVA Legea 141/2025","https://static.anaf.ro/static/10/Galati/Vrancea/Modif-TVA-Legea-141-25.pdf","2026-07-13","Romania","official_tax_guidance","Standard VAT changed to 21 percent from 1 August 2025","Business-specific treatment needs tax advice"
